<?xml version = "1.0" encoding = "utf-8"?>
        <!DOCTYPE hibernate-configuration SYSTEM
        "http://www.hibernate.org/dtd/hibernate-configuration-3.0.dtd">
<hibernate-configuration>

    <session-factory>
        <property name = "hibernate.dialect">org.hibernate.dialect.MySQLDialect</property>
        <property name = "hibernate.connection.driver_class">net.sourceforge.jtds.jdbc.Driver</property>
        <property name = "hibernate.connection.url">jdbc:jtds:sqlserver://AT3CORDEVSQL01.bridge2solutions.com:1433;databaseName=B2R_V4_DEV</property>
        <property name = "hibernate.connection.username">svc_core_webapp_dev</property>
        <property name = "hibernate.connection.password">Md-Z~7t7[?)N</property>
        <property name="show_sql">true</property>

        <!-- List of XML mapping files -->
        <mapping class="com.hibernate.sample.model.Employee"/>
        <mapping class="com.hibernate.sample.model.Department"/>
    </session-factory>

</hibernate-configuration>
